Start_Date,Total_Rides,Average_Duration,date,Total Positives,Total Lives Lost,Daily_Cases
2020-03-01,5309,16.603663590129965,0,0.0,0.0,0.0
2020-03-02,7646,13.77260877147092,0,0.0,0.0,0.0
2020-03-03,7638,13.454996945099063,0,0.0,0.0,0.0
2020-03-04,9114,13.673714432009364,0,0.0,0.0,0.0
2020-03-05,8365,13.58803945008966,0,0.0,0.0,0.0
2020-03-06,6922,12.43210777232014,0,0.0,0.0,0.0
2020-03-07,6166,16.774959455076225,2020-03-07,2.0,0.0,2.0
2020-03-08,7494,21.835188150520416,2020-03-08,2.0,0.0,0.0
2020-03-09,9778,16.982247562555397,2020-03-09,4.0,0.0,2.0
2020-03-10,8674,13.941916455307048,2020-03-10,4.0,0.0,0.0
2020-03-11,8491,13.300653633258746,2020-03-11,10.0,0.0,6.0
2020-03-12,7915,14.235622236260266,2020-03-12,10.0,0.0,0.0
2020-03-13,7191,16.7180943772308,2020-03-13,10.0,0.0,0.0
2020-03-14,6034,23.694263064854717,2020-03-14,16.0,0.0,6.0
2020-03-15,3335,18.338950524737637,2020-03-15,17.0,0.0,1.0
2020-03-16,3935,15.69,2020-03-16,22.0,0.0,5.0
2020-03-17,3900,20.43694017094017,2020-03-17,31.0,0.0,9.0
2020-03-18,3812,19.82479013641133,2020-03-18,39.0,0.0,8.0
2020-03-19,4546,23.91650168646429,2020-03-19,71.0,0.0,32.0
2020-03-20,4775,25.43904013961605,2020-03-20,77.0,1.0,6.0
2020-03-21,5186,29.89371384496722,2020-03-21,98.0,1.0,21.0
2020-03-22,4416,28.49899230072464,2020-03-22,116.0,2.0,18.0
2020-03-23,1055,15.487172195892576,2020-03-23,137.0,2.0,21.0
2020-03-24,2671,20.20585298889305,2020-03-24,183.0,2.0,46.0
2020-03-25,936,15.005947293447294,2020-03-25,231.0,3.0,48.0
2020-03-26,2815,23.022326820603908,2020-03-26,267.0,3.0,36.0
2020-03-27,3179,24.64888853937297,2020-03-27,304.0,4.0,37.0
2020-03-28,2287,23.621665937909928,2020-03-28,342.0,5.0,38.0
2020-03-29,4164,29.981960454691,2020-03-29,401.0,9.0,59.0
2020-03-30,2896,23.270367173112337,2020-03-30,495.0,9.0,94.0
2020-03-31,1496,17.480314171122995,2020-03-31,586.0,11.0,91.0
2020-04-01,1753,18.373645179691955,2020-04-01,653.0,12.0,67.0
2020-04-02,2071,20.98309995171415,2020-04-02,757.0,15.0,104.0
2020-04-03,2475,21.40040404040404,2020-04-03,902.0,21.0,145.0
2020-04-04,3133,28.275135652729016,2020-04-04,998.0,22.0,96.0
2020-04-05,4408,30.780852994555357,2020-04-05,1097.0,24.0,99.0
2020-04-06,2850,24.052631578947366,2020-04-06,1211.0,22.0,114.0
2020-04-07,1954,20.32088024564995,2020-04-07,1440.0,27.0,229.0
2020-04-08,3186,26.13779033270559,2020-04-08,1523.0,32.0,83.0
2020-04-09,1897,20.51027938850817,2020-04-09,1660.0,38.0,137.0
2020-04-10,1595,18.22382445141066,2020-04-10,1778.0,47.0,118.0
2020-04-11,4059,29.984478935698448,2020-04-11,1875.0,50.0,97.0
2020-04-12,3234,29.35003092145949,2020-04-12,1955.0,52.0,80.0
2020-04-13,1714,23.054842473745623,2020-04-13,2058.0,67.0,103.0
2020-04-14,2075,21.66795180722892,2020-04-14,2197.0,72.0,139.0
2020-04-15,2270,21.018061674008813,2020-04-15,2350.0,81.0,153.0
2020-04-16,2068,21.437137330754357,2020-04-16,2476.0,86.0,126.0
2020-04-17,2156,21.37012987012987,2020-04-17,2666.0,91.0,190.0
2020-04-18,2616,26.542048929663608,2020-04-18,2793.0,96.0,127.0
2020-04-19,4668,32.85411311053984,2020-04-19,2927.0,105.0,134.0
2020-04-20,2307,22.390983961855223,2020-04-20,3098.0,112.0,171.0
2020-04-21,1894,20.36800422386484,2020-04-21,3206.0,127.0,108.0
2020-04-22,2702,23.17616580310881,2020-04-22,3361.0,139.0,155.0
2020-04-23,1271,18.750590086546023,2020-04-23,3528.0,153.0,167.0
2020-04-24,1819,19.96316657504123,2020-04-24,3699.0,165.0,171.0
2020-04-25,4684,32.0602049530316,2020-04-25,3841.0,178.0,142.0
2020-04-26,1826,23.92935377875137,2020-04-26,3892.0,185.0,51.0
2020-04-27,2041,21.00636942675159,2020-04-27,3994.0,190.0,102.0
2020-04-28,1673,19.36162582187687,2020-04-28,4106.0,205.0,112.0
2020-04-29,3721,27.05993012631013,2020-04-29,4323.0,224.0,217.0
2020-04-30,773,16.279430789133247,2020-04-30,4658.0,231.0,335.0
2020-05-01,2946,23.11473183978276,2020-05-01,4797.0,240.0,139.0
2020-05-02,8958,39.39506586291584,2020-05-02,5016.0,251.0,219.0
2020-05-03,3644,29.590834248079037,2020-05-03,5170.0,258.0,154.0
2020-05-04,3695,28.2446549391069,2020-05-04,5322.0,264.0,152.0
2020-05-05,2354,21.95327102803738,2020-05-05,5461.0,277.0,139.0
2020-05-06,1377,18.87073347857661,2020-05-06,5654.0,285.0,193.0
2020-05-07,3910,27.65805626598465,2020-05-07,5899.0,304.0,245.0
2020-05-08,1807,18.29219701162147,2020-05-08,6102.0,311.0,203.0
2020-05-09,2903,25.31656906648295,2020-05-09,6272.0,323.0,170.0
2020-05-10,5796,33.73913043478261,2020-05-10,6389.0,328.0,117.0
2020-05-11,2250,21.628444444444444,2020-05-11,6485.0,336.0,96.0
2020-05-12,3007,22.437312936481543,2020-05-12,6584.0,350.0,99.0
2020-05-13,4112,27.704280155642024,2020-05-13,6736.0,358.0,152.0
2020-05-14,3595,25.071210013908207,2020-05-14,6871.0,368.0,135.0
2020-05-15,5726,31.66468739084876,2020-05-15,7042.0,375.0,171.0
2020-05-16,8916,37.28600269179004,2020-05-16,7123.0,383.0,81.0
2020-05-17,5624,33.97279516358464,2020-05-17,7270.0,392.0,147.0
2020-05-18,2919,23.629325111339497,2020-05-18,7434.0,400.0,164.0
2020-05-19,3180,23.129245283018868,2020-05-19,7551.0,407.0,117.0
2020-05-20,3391,24.383367738130342,2020-05-20,7788.0,412.0,237.0
2020-05-21,3712,25.48302801724138,2020-05-21,7893.0,418.0,105.0
2020-05-22,3022,24.34315023163468,2020-05-22,7966.0,427.0,73.0
2020-05-23,9068,37.344177326863694,2020-05-23,8110.0,432.0,144.0
2020-05-24,6284,34.81524506683641,2020-05-24,8225.0,440.0,115.0
2020-05-25,8790,35.98634812286689,2020-05-25,8334.0,440.0,109.0
2020-05-26,4873,29.355633080238047,2020-05-26,8406.0,445.0,72.0
2020-05-27,4759,26.88190796385795,2020-05-27,8492.0,453.0,86.0
2020-05-28,3436,23.59458672875437,2020-05-28,8538.0,460.0,46.0
2020-05-29,5502,25.744274809160306,2020-05-29,8717.0,462.0,179.0
2020-05-30,10519,34.03973761764426,2020-05-30,8801.0,466.0,84.0
2020-05-31,7575,36.5009900990099,2020-05-31,8857.0,468.0,56.0
2020-06-01,4979,27.02028519783089,2020-06-01,8886.0,470.0,29.0
2020-06-02,5332,27.576331582895723,2020-06-02,9016.0,473.0,130.0
2020-06-03,6436,28.619018023617155,2020-06-03,9120.0,475.0,104.0
2020-06-04,5118,26.134622899570147,2020-06-04,9199.0,479.0,79.0
2020-06-05,4994,24.397877452943533,2020-06-05,9269.0,483.0,70.0
2020-06-06,15217,33.640007885917065,2020-06-06,9332.0,489.0,63.0
2020-06-07,10536,35.37120349278664,2020-06-07,9389.0,491.0,57.0
2020-06-08,6943,31.187959095491863,2020-06-08,9474.0,495.0,85.0
2020-06-09,6695,28.852875280059745,2020-06-09,9537.0,499.0,63.0
2020-06-10,5379,24.25785461981781,2020-06-10,9589.0,502.0,52.0
2020-06-11,4653,23.71179883945841,2020-06-11,9654.0,506.0,65.0
2020-06-12,7320,26.0370218579235,2020-06-12,9709.0,511.0,55.0
2020-06-13,11972,34.279401937855,2020-06-13,9767.0,515.0,58.0
2020-06-14,10236,33.46180148495506,2020-06-14,9799.0,515.0,32.0
2020-06-15,5998,26.95248416138713,2020-06-15,9818.0,520.0,19.0
2020-06-16,6160,24.620616883116885,2020-06-16,9847.0,523.0,29.0
2020-06-17,2886,19.18607068607069,2020-06-17,9903.0,527.0,56.0
2020-06-18,5840,23.42123287671233,2020-06-18,9952.0,530.0,49.0
2020-06-19,7164,24.05569514237856,2020-06-19,9984.0,531.0,32.0
2020-06-20,6180,27.280258899676376,2020-06-20,10020.0,533.0,36.0
2020-06-21,8961,30.756946769333776,2020-06-21,10058.0,535.0,38.0
2020-06-22,4913,21.5874211276206,2020-06-22,10094.0,537.0,36.0
2020-06-23,6122,23.012250898399216,2020-06-23,10128.0,541.0,34.0
2020-06-24,7324,23.664391043145823,2020-06-24,10159.0,543.0,31.0
2020-06-25,6009,22.226660009985025,2020-06-25,10185.0,546.0,26.0
2020-06-26,7976,24.3074222668004,2020-06-26,10216.0,548.0,31.0
2020-06-27,8945,28.84125209614309,2020-06-27,10248.0,550.0,32.0
2020-06-28,8517,29.023834683574027,2020-06-28,10292.0,551.0,44.0
2020-06-29,6312,22.71086818757921,2020-06-29,10327.0,551.0,35.0
2020-06-30,6605,22.743376230128693,2020-06-30,10365.0,553.0,38.0
2020-07-01,6330,22.334913112164298,2020-07-01,10390.0,554.0,25.0
2020-07-02,7371,23.808167141500476,2020-07-02,10435.0,555.0,45.0
2020-07-03,8380,27.88890214797136,2020-07-03,10447.0,557.0,12.0
2020-07-04,11033,34.23873833046316,2020-07-04,10482.0,559.0,35.0
2020-07-05,6948,29.13039723661485,2020-07-05,10515.0,561.0,33.0
2020-07-06,4947,19.727511623205984,2020-07-06,10569.0,561.0,54.0
2020-07-07,5722,21.40597693114296,2020-07-07,10642.0,564.0,73.0
2020-07-08,6650,22.36751879699248,2020-07-08,10679.0,568.0,37.0
2020-07-09,6629,21.54955498566903,2020-07-09,10743.0,568.0,64.0
2020-07-10,7432,21.96178686759957,2020-07-10,10801.0,568.0,58.0
2020-07-11,10039,27.750672377726865,2020-07-11,10847.0,568.0,46.0
2020-07-12,8568,27.17320261437909,2020-07-12,10906.0,568.0,59.0
2020-07-13,6615,21.7437641723356,2020-07-13,10946.0,568.0,40.0
2020-07-14,7049,21.410838416796707,2020-07-14,11026.0,571.0,80.0
2020-07-15,7120,21.93426966292135,2020-07-15,11076.0,574.0,50.0
2020-07-16,7364,20.982210755024443,2020-07-16,11115.0,577.0,39.0
2020-07-17,7767,21.478820651474184,2020-07-17,11194.0,578.0,79.0
2020-07-18,9753,27.150620321952218,2020-07-18,11261.0,578.0,67.0
2020-07-19,7861,26.048467116142984,2020-07-19,11339.0,579.0,78.0
2020-07-20,5422,19.429730726669124,2020-07-20,11427.0,580.0,88.0
2020-07-21,5875,18.437787234042556,2020-07-21,11529.0,580.0,102.0
2020-07-22,4436,19.889540126239854,2020-07-22,11571.0,581.0,42.0
2020-07-23,6447,19.464867380176827,2020-07-23,11649.0,581.0,78.0
2020-07-24,6987,20.96350364963504,2020-07-24,11717.0,581.0,68.0
2020-07-25,10891,27.633826094940776,2020-07-25,11780.0,581.0,63.0
2020-07-26,8571,26.911562244778903,2020-07-26,11858.0,582.0,78.0
2020-07-27,6813,20.49655071187436,2020-07-27,11945.0,583.0,87.0
2020-07-28,6988,19.94433314253005,2020-07-28,11999.0,584.0,54.0
2020-07-29,7479,20.821232785131706,2020-07-29,12057.0,584.0,58.0
2020-07-30,6338,18.75812559166929,2020-07-30,12126.0,585.0,69.0
2020-07-31,6085,20.07986852917009,2020-07-31,12205.0,585.0,79.0
2020-08-01,10876,26.05038617138654,2020-08-01,12274.0,586.0,69.0
2020-08-02,9328,27.752465694682677,2020-08-02,12313.0,586.0,39.0
2020-08-03,4750,19.594947368421053,2020-08-03,12398.0,587.0,85.0
2020-08-04,5677,20.64030297692443,2020-08-04,12443.0,587.0,45.0
2020-08-05,8417,21.28454318640846,2020-08-05,12518.0,587.0,75.0
2020-08-06,6028,18.4749502322495,2020-08-06,12589.0,589.0,71.0
2020-08-07,7960,21.286683417085428,2020-08-07,12653.0,590.0,64.0
2020-08-08,11843,28.172253651946296,2020-08-08,12753.0,591.0,100.0
2020-08-09,9448,27.61378069432684,2020-08-09,12807.0,591.0,54.0
2020-08-10,6661,21.262573187209128,2020-08-10,12896.0,593.0,89.0
2020-08-11,7317,20.145688123547902,2020-08-11,12959.0,593.0,63.0
2020-08-12,6107,19.394629114131323,2020-08-12,13024.0,594.0,65.0
2020-08-13,5693,19.926576497453013,2020-08-13,13118.0,594.0,94.0
2020-08-14,8091,21.07625757013966,2020-08-14,13159.0,597.0,41.0
2020-08-15,9090,25.444004400440047,2020-08-15,13220.0,597.0,61.0
2020-08-16,7080,24.42443502824859,2020-08-16,13273.0,597.0,53.0
2020-08-17,6281,20.705938544817705,2020-08-17,13325.0,599.0,52.0
2020-08-18,8122,21.62016744644176,2020-08-18,13354.0,600.0,29.0
2020-08-19,7080,20.209745762711865,2020-08-19,13409.0,601.0,55.0
2020-08-20,8280,20.806521739130435,2020-08-20,13469.0,602.0,60.0
2020-08-21,8634,21.532777391707203,2020-08-21,13534.0,604.0,65.0
2020-08-22,10733,25.57728500885121,2020-08-22,13590.0,604.0,56.0
2020-08-23,9947,27.307730974163064,2020-08-23,13639.0,604.0,49.0
2020-08-24,6644,19.88907284768212,2020-08-24,13684.0,604.0,45.0
2020-08-25,6788,18.732469063052445,2020-08-25,13722.0,605.0,38.0
2020-08-26,8345,20.8282804074296,2020-08-26,13794.0,605.0,72.0
2020-08-27,8528,20.98475609756097,2020-08-27,13851.0,605.0,57.0
2020-08-28,10495,27.27212958551691,2020-08-28,13925.0,605.0,74.0
2020-08-29,8378,25.75602769157317,2020-08-29,13959.0,606.0,34.0
2020-08-30,12422,27.10578006762196,2020-08-30,13992.0,607.0,33.0
2020-08-31,4056,16.24161735700197,2020-08-31,14049.0,607.0,57.0
2020-09-01,7183,18.24307392454406,2020-09-01,14077.0,608.0,28.0
2020-09-02,7006,17.506423065943476,2020-09-02,14135.0,609.0,58.0
2020-09-03,5542,17.623421147600144,2020-09-03,14186.0,611.0,51.0
2020-09-04,8735,20.168746422438467,2020-09-04,14238.0,611.0,52.0
2020-09-05,12728,29.74002199874293,2020-09-05,14279.0,611.0,41.0
2020-09-06,12243,29.736502491219472,2020-09-06,14315.0,611.0,36.0
2020-09-07,10548,28.043136139552523,2020-09-07,14362.0,611.0,47.0
2020-09-08,7020,19.074074074074076,2020-09-08,14387.0,615.0,25.0
2020-09-09,4815,16.247767393561784,2020-09-09,14412.0,616.0,25.0
2020-09-10,4046,15.589471082550666,2020-09-10,14493.0,616.0,81.0
2020-09-11,8485,19.006482027106657,2020-09-11,14552.0,616.0,59.0
2020-09-12,10530,24.87255460588794,2020-09-12,14592.0,616.0,40.0
2020-09-13,10885,25.95434083601286,2020-09-13,14622.0,616.0,30.0
2020-09-14,7338,18.4037884982284,2020-09-14,14687.0,616.0,65.0
2020-09-15,7535,18.168148639681487,2020-09-15,14743.0,617.0,56.0
2020-09-16,7617,18.78744912695287,2020-09-16,14790.0,619.0,47.0
2020-09-17,4947,16.859915100060643,2020-09-17,14852.0,619.0,62.0
2020-09-18,9274,19.651390985551004,2020-09-18,14902.0,619.0,50.0
2020-09-19,12659,27.03815467256497,2020-09-19,14955.0,620.0,53.0
2020-09-20,10613,25.750494676340335,2020-09-20,14978.0,621.0,23.0
2020-09-21,7058,18.399829980164352,2020-09-21,15021.0,621.0,43.0
2020-09-22,7470,18.238420348058906,2020-09-22,15050.0,621.0,29.0
2020-09-23,8733,19.22672621092408,2020-09-23,15106.0,621.0,56.0
2020-09-24,7979,19.2994109537536,2020-09-24,15163.0,623.0,57.0
2020-09-25,6601,19.727162551128615,2020-09-25,15215.0,624.0,52.0
2020-09-26,10000,25.8909,2020-09-26,15250.0,624.0,35.0
2020-09-27,9742,25.66772736604393,2020-09-27,15264.0,624.0,14.0
2020-09-28,7156,18.949413079932924,2020-09-28,15300.0,626.0,36.0
2020-09-29,6121,16.182159777814082,2020-09-29,15326.0,627.0,26.0
2020-09-30,7507,17.915012654855467,2020-09-30,15358.0,628.0,32.0
2020-10-01,6843,16.84202835013883,2020-10-01,15423.0,629.0,65.0
2020-10-02,8431,18.789823271260826,2020-10-02,15473.0,629.0,50.0
2020-10-03,12023,27.34933044997089,2020-10-03,15519.0,631.0,46.0
2020-10-04,8994,24.59995552590616,2020-10-04,15547.0,631.0,28.0
2020-10-05,6628,18.197042848521427,2020-10-05,15652.0,631.0,105.0
2020-10-06,7304,18.511774370208105,2020-10-06,15697.0,632.0,45.0
2020-10-07,8092,18.80610479485912,2020-10-07,15765.0,634.0,68.0
2020-10-08,7592,17.8690727081138,2020-10-08,15843.0,634.0,78.0
2020-10-09,8900,20.43741573033708,2020-10-09,15918.0,636.0,75.0
2020-10-10,11515,27.501867129830657,2020-10-10,15984.0,637.0,66.0
2020-10-11,5137,20.4656414249562,2020-10-11,16022.0,637.0,38.0
2020-10-12,3116,16.680680359435176,2020-10-12,16068.0,637.0,46.0
2020-10-13,6765,18.07095343680709,2020-10-13,16132.0,638.0,64.0
2020-10-14,7585,20.48701384311141,2020-10-14,16166.0,638.0,34.0
2020-10-15,7859,18.63265046443568,2020-10-15,16255.0,641.0,89.0
2020-10-16,5120,19.4962890625,2020-10-16,16334.0,641.0,79.0
2020-10-17,11035,25.438423198912552,2020-10-17,16370.0,641.0,36.0
2020-10-18,8989,24.91979085549004,2020-10-18,16395.0,641.0,25.0
2020-10-19,6619,18.569723523190813,2020-10-19,16445.0,642.0,50.0
2020-10-20,7174,17.61179258433231,2020-10-20,16498.0,642.0,53.0
2020-10-21,7041,18.027836954977985,2020-10-21,16537.0,642.0,39.0
2020-10-22,7382,18.36290978054728,2020-10-22,16609.0,642.0,72.0
2020-10-23,8602,18.898860730062776,2020-10-23,16706.0,642.0,97.0
2020-10-24,11537,26.730952587327728,2020-10-24,16767.0,642.0,61.0
2020-10-25,2986,17.781647689216342,2020-10-25,16812.0,642.0,45.0
2020-10-26,5726,18.810164163464897,2020-10-26,16906.0,644.0,94.0
2020-10-27,6422,17.602927436935534,2020-10-27,16973.0,644.0,67.0
2020-10-28,7141,18.194230499929983,2020-10-28,17074.0,645.0,101.0
2020-10-29,2186,13.906221408966148,2020-10-29,17144.0,646.0,70.0
2020-10-30,6442,16.783141881403292,2020-10-30,17266.0,646.0,122.0
2020-10-31,7191,22.15032679738562,2020-10-31,17369.0,646.0,103.0
2020-11-01,3664,17.528384279475983,2020-11-01,17438.0,647.0,69.0
2020-11-02,4453,15.504379070289692,2020-11-02,17524.0,647.0,86.0
2020-11-03,6769,17.762150982419858,2020-11-03,17601.0,647.0,77.0
2020-11-04,5516,18.851341551849163,2020-11-04,17682.0,650.0,81.0
2020-11-05,6113,17.529036479633568,2020-11-05,17792.0,652.0,110.0
2020-11-06,7695,19.608836907082523,2020-11-06,17891.0,654.0,99.0
2020-11-07,14459,26.64603361228301,2020-11-07,18001.0,654.0,110.0
2020-11-08,9885,25.99564997470916,2020-11-08,18087.0,655.0,86.0
2020-11-09,6237,19.701619368286035,2020-11-09,18173.0,657.0,86.0
2020-11-10,7079,17.376465602486228,2020-11-10,18379.0,657.0,206.0
2020-11-11,2042,14.169931439764936,2020-11-11,18507.0,657.0,128.0
2020-11-12,3486,14.909351692484222,2020-11-12,18666.0,657.0,159.0
2020-11-13,6988,18.15483686319405,2020-11-13,18814.0,658.0,148.0
2020-11-14,9465,25.86064447966191,2020-11-14,18977.0,660.0,163.0
2020-11-15,5795,22.10094909404659,2020-11-15,19064.0,660.0,87.0
2020-11-16,5312,16.897590361445783,2020-11-16,19309.0,660.0,245.0
2020-11-17,4362,14.547455295735904,2020-11-17,19465.0,665.0,156.0
2020-11-18,4134,14.322447992259312,2020-11-18,19678.0,667.0,213.0
2020-11-19,4461,15.06186953597848,2020-11-19,19808.0,669.0,130.0
2020-11-20,5968,17.486427613941018,2020-11-20,19961.0,670.0,153.0
2020-11-21,7746,24.29408727084947,2020-11-21,20151.0,670.0,190.0
2020-11-22,5748,21.850034794711203,2020-11-22,20290.0,672.0,139.0
2020-11-23,3948,15.909067882472137,2020-11-23,20409.0,673.0,119.0
2020-11-24,4376,16.893053016453383,2020-11-24,20516.0,677.0,107.0
2020-11-25,4138,19.107539874335423,2020-11-25,20736.0,677.0,220.0
2020-11-26,4159,26.967059389276265,2020-11-26,20937.0,677.0,201.0
2020-11-27,5642,27.25062034739454,2020-11-27,21308.0,678.0,371.0
2020-11-28,6867,25.27624872579001,2020-11-28,21448.0,680.0,140.0
2020-11-29,5608,23.032453637660485,2020-11-29,21552.0,680.0,104.0
2020-11-30,2249,15.07514450867052,2020-11-30,21685.0,685.0,133.0
2020-12-01,3411,14.244503078276164,2020-12-01,21842.0,690.0,157.0
2020-12-02,3586,13.607640825432236,2020-12-02,22164.0,692.0,322.0
2020-12-03,4152,14.863680154142582,2020-12-03,22480.0,693.0,316.0
2020-12-04,3541,14.890708839310928,2020-12-04,22872.0,695.0,392.0
2020-12-05,4629,18.12896953985742,2020-12-05,23136.0,697.0,264.0
2020-12-06,4176,18.468151340996165,2020-12-06,23319.0,701.0,183.0
2020-12-07,3028,13.89894319682959,2020-12-07,23589.0,701.0,270.0
2020-12-08,3289,13.482213438735178,2020-12-08,23854.0,704.0,265.0
2020-12-09,3267,13.808692990511172,2020-12-09,24098.0,708.0,244.0
2020-12-10,3927,15.125286478227654,2020-12-10,24357.0,709.0,259.0
2020-12-11,5025,17.782885572139303,2020-12-11,24643.0,713.0,286.0
2020-12-12,7350,23.98312925170068,2020-12-12,24874.0,715.0,231.0
2020-12-13,6379,23.24753096096567,2020-12-13,25038.0,716.0,164.0
2020-12-14,1639,13.10006101281269,2020-12-14,25339.0,720.0,301.0
2020-12-15,3560,14.1188202247191,2020-12-15,25602.0,720.0,263.0
2020-12-16,1203,12.093931837073985,2020-12-16,25830.0,725.0,228.0
2020-12-17,2698,13.779466271312083,2020-12-17,26104.0,728.0,274.0
2020-12-18,3186,14.546139359698682,2020-12-18,26342.0,730.0,238.0
2020-12-19,3609,17.472152950955945,2020-12-19,26601.0,737.0,259.0
2020-12-20,3316,16.528648974668275,2020-12-20,26740.0,742.0,139.0
2020-12-21,3386,16.09598346131128,2020-12-21,26900.0,744.0,160.0
2020-12-22,3277,16.603906011595974,2020-12-22,27226.0,751.0,326.0
2020-12-23,3346,16.694560669456067,2020-12-23,27436.0,756.0,210.0
2020-12-24,1244,14.118167202572348,2020-12-24,27710.0,762.0,274.0
2020-12-25,1113,18.644204851752026,2020-12-25,27956.0,765.0,246.0
2020-12-26,1829,18.43302351011482,2020-12-26,28202.0,768.0,246.0
2020-12-27,2591,19.739096873793905,2020-12-27,28342.0,771.0,140.0
2020-12-28,3548,21.409526493799323,2020-12-28,28535.0,775.0,193.0
2020-12-29,3041,18.09470568891812,2020-12-29,28758.0,780.0,223.0
2020-12-30,3216,18.091728855721392,2020-12-30,28983.0,786.0,225.0
2020-12-31,3274,18.447159437996334,2020-12-31,29252.0,788.0,269.0
2021-01-01,954,15.9979035639413,2021-01-01,29509.0,792.0,257.0
2021-01-02,5668,26.407374735356385,2021-01-02,29764.0,794.0,255.0
2021-01-03,1620,16.274074074074075,2021-01-03,29904.0,797.0,140.0
2021-01-04,2963,15.415457306783669,2021-01-04,30166.0,801.0,262.0
2021-01-05,3034,19.497692814765983,2021-01-05,30482.0,806.0,316.0
2021-01-06,3065,24.170962479608484,2021-01-06,30750.0,808.0,268.0
2021-01-07,3293,21.14272699665958,2021-01-07,31107.0,809.0,357.0
2021-01-08,2978,14.547683008730692,2021-01-08,31457.0,813.0,350.0
2021-01-09,4048,19.39970355731225,2021-01-09,31791.0,817.0,334.0
2021-01-10,3987,20.279909706546277,2021-01-10,31993.0,821.0,202.0
2021-01-11,2862,13.216282320055903,2021-01-11,32423.0,825.0,430.0
2021-01-12,3632,15.198237885462555,2021-01-12,32600.0,831.0,177.0
2021-01-13,3867,15.34548745797776,2021-01-13,32820.0,842.0,220.0
2021-01-14,3782,16.485193019566367,2021-01-14,33140.0,842.0,320.0
2021-01-15,3322,15.039735099337747,2021-01-15,33537.0,847.0,397.0
2021-01-16,4666,20.747321045863696,2021-01-16,33851.0,850.0,314.0
2021-01-17,3729,20.103513006167876,2021-01-17,34033.0,857.0,182.0
2021-01-18,3428,19.1718203033839,2021-01-18,34259.0,861.0,226.0
2021-01-19,3349,19.908330845028367,2021-01-19,34403.0,863.0,144.0
2021-01-20,2607,21.49175297276563,2021-01-20,34612.0,864.0,209.0
2021-01-21,3520,17.688068181818185,2021-01-21,34905.0,867.0,293.0
2021-01-22,4020,17.604477611940297,2021-01-22,35077.0,870.0,172.0
2021-01-23,3458,17.30190861769809,2021-01-23,35301.0,872.0,224.0
2021-01-24,3296,17.635618932038835,2021-01-24,35505.0,879.0,204.0
2021-01-25,2382,13.226700251889168,2021-01-25,35700.0,888.0,195.0
2021-01-26,1992,13.368975903614457,2021-01-26,35865.0,895.0,165.0
2021-01-27,3523,14.332103321033207,2021-01-27,36132.0,902.0,267.0
2021-01-28,2660,13.442105263157892,2021-01-28,36414.0,907.0,282.0
2021-01-29,2861,13.838518000699056,2021-01-29,36662.0,909.0,248.0
2021-01-30,3977,18.138043751571537,2021-01-30,36872.0,913.0,210.0
2021-01-31,1031,16.347235693501453,2021-01-31,37008.0,916.0,136.0
2021-02-01,968,14.580578512396697,2021-02-01,37138.0,921.0,130.0
2021-02-02,1444,13.148891966759004,2021-02-02,37199.0,926.0,61.0
2021-02-03,2472,14.0165857605178,2021-02-03,37365.0,932.0,166.0
2021-02-04,3157,15.399746594868548,2021-02-04,37634.0,940.0,269.0
2021-02-05,4222,15.992183799147323,2021-02-05,37877.0,947.0,243.0
2021-02-06,5381,19.15331722728117,2021-02-06,38035.0,952.0,158.0
2021-02-07,2274,14.4089709762533,2021-02-07,38136.0,956.0,101.0
2021-02-08,2888,14.068213296398891,2021-02-08,38281.0,961.0,145.0
2021-02-09,3547,14.61544967578235,2021-02-09,38348.0,965.0,67.0
2021-02-10,2358,13.57930449533503,2021-02-10,38533.0,973.0,185.0
2021-02-11,2230,13.2304932735426,2021-02-11,38670.0,976.0,137.0
2021-02-12,3014,13.306237558062376,2021-02-12,38796.0,979.0,126.0
2021-02-13,874,14.906178489702516,2021-02-13,38918.0,979.0,122.0
2021-02-14,2354,17.70858113848768,2021-02-14,39001.0,980.0,83.0
2021-02-15,2716,15.65279823269514,2021-02-15,39131.0,982.0,130.0
2021-02-16,2844,14.480309423347398,2021-02-16,39180.0,985.0,49.0
2021-02-17,1942,14.580844490216272,2021-02-17,39301.0,992.0,121.0
2021-02-18,739,13.464140730717183,2021-02-18,39461.0,993.0,160.0
2021-02-19,2026,14.444718657453109,2021-02-19,39553.0,994.0,92.0
2021-02-20,2631,15.146712276700876,2021-02-20,39648.0,995.0,95.0
2021-02-21,2963,18.26189672629092,2021-02-21,39755.0,995.0,107.0
2021-02-22,1543,12.84705119896306,2021-02-22,39844.0,998.0,89.0
2021-02-23,3310,15.047734138972809,2021-02-23,39843.0,1001.0,0.0
2021-02-24,5164,18.029821843532147,2021-02-24,40122.0,1005.0,279.0
2021-02-25,4169,16.48332933557208,2021-02-25,40284.0,1009.0,162.0
2021-02-26,3750,15.6472,2021-02-26,40478.0,1010.0,194.0
2021-02-27,5047,19.632256786209627,2021-02-27,40598.0,1017.0,120.0
2021-02-28,1136,15.637323943661972,2021-02-28,40684.0,1019.0,86.0
2021-03-01,2492,13.422953451043336,2021-03-01,40767.0,1019.0,83.0
2021-03-02,3462,14.859618717504333,2021-03-02,40818.0,1023.0,51.0
2021-03-03,4847,17.882607798638332,2021-03-03,41014.0,1024.0,196.0
2021-03-04,3801,15.39568534596159,2021-03-04,41122.0,1027.0,108.0
2021-03-05,3614,15.636967349197564,2021-03-05,41273.0,1030.0,151.0
2021-03-06,5164,21.114833462432223,2021-03-06,41419.0,1030.0,146.0
2021-03-07,4278,20.791725105189343,2021-03-07,41579.0,1035.0,160.0
2021-03-08,3754,16.32978156632925,2021-03-08,41910.0,1036.0,331.0
2021-03-09,5436,18.676048565121413,2021-03-09,42006.0,1037.0,96.0
2021-03-10,6235,19.039133921411388,2021-03-10,42128.0,1038.0,122.0
2021-03-11,7031,19.76347603470345,2021-03-11,42282.0,1038.0,154.0
2021-03-12,6339,19.76194983435873,2021-03-12,42432.0,1040.0,150.0
2021-03-13,8181,26.245691235790243,2021-03-13,42511.0,1041.0,79.0
2021-03-14,6889,27.217448105675714,2021-03-14,42623.0,1042.0,112.0
2021-03-15,3622,17.382661512976256,2021-03-15,42730.0,1042.0,107.0
2021-03-16,3453,14.349551114972488,2021-03-16,42811.0,1044.0,81.0
2021-03-17,4605,16.6,2021-03-17,42892.0,1046.0,81.0
2021-03-18,1993,14.430005017561465,2021-03-18,43034.0,1047.0,142.0
2021-03-19,4760,17.294747899159667,2021-03-19,43175.0,1049.0,141.0
2021-03-20,8207,25.95357621542586,2021-03-20,43299.0,1050.0,124.0
2021-03-21,8053,27.72916925369428,2021-03-21,43383.0,1050.0,84.0
2021-03-22,5419,19.99889278464661,2021-03-22,43488.0,1051.0,105.0
2021-03-23,5812,18.902615278733656,2021-03-23,43595.0,1053.0,107.0
2021-03-24,1974,13.735562310030394,2021-03-24,43699.0,1053.0,104.0
2021-03-25,5326,17.780135185880585,2021-03-25,43825.0,1055.0,126.0
2021-03-26,8451,22.423973494261038,2021-03-26,44051.0,1056.0,226.0
2021-03-27,13233,31.061512884455528,2021-03-27,44175.0,1056.0,124.0
2021-03-28,4069,22.839026787908576,2021-03-28,44248.0,1059.0,73.0
2021-03-29,6746,23.777497776460123,2021-03-29,44413.0,1061.0,165.0
2021-03-30,9488,26.92548482293423,2021-03-30,44513.0,1064.0,100.0
2021-03-31,3359,16.971122357844596,2021-03-31,44656.0,1066.0,143.0
2021-04-01,4468,17.905774395702775,2021-04-01,44807.0,1069.0,151.0
2021-04-02,5399,20.877014261900356,2021-04-02,44932.0,1070.0,125.0
2021-04-03,10862,32.2877002393666,2021-04-03,45037.0,1070.0,105.0
2021-04-04,11418,33.0590296023822,2021-04-04,45112.0,1072.0,75.0
2021-04-05,7615,24.083256730137883,2021-04-05,45234.0,1074.0,122.0
2021-04-06,7885,23.379074191502852,2021-04-06,45328.0,1076.0,94.0
2021-04-07,7850,22.11808917197452,2021-04-07,45498.0,1077.0,170.0
2021-04-08,7742,22.145182123482304,2021-04-08,45634.0,1079.0,136.0
2021-04-09,5764,19.85739070090215,2021-04-09,45762.0,1081.0,128.0
2021-04-10,11296,29.02027266288952,2021-04-10,45830.0,1081.0,68.0
2021-04-11,9592,27.428169307756463,2021-04-11,45903.0,1084.0,73.0
2021-04-12,5054,16.9608231104076,2021-04-12,46016.0,1085.0,113.0
2021-04-13,6395,19.095543393276,2021-04-13,46209.0,1088.0,193.0
2021-04-14,3103,14.777956815984531,2021-04-14,46315.0,1090.0,106.0
2021-04-15,6969,18.194575979337063,2021-04-15,46449.0,1093.0,134.0
2021-04-16,6312,17.85884030418251,2021-04-16,46579.0,1095.0,130.0
2021-04-17,9339,24.58186101295642,2021-04-17,46662.0,1096.0,83.0
2021-04-18,8895,26.399437886453065,2021-04-18,46740.0,1096.0,78.0
2021-04-19,5491,17.61919504643963,2021-04-19,46869.0,1097.0,129.0
2021-04-20,7908,19.320435002529084,2021-04-20,46941.0,1097.0,72.0
2021-04-21,5052,15.580760095011875,2021-04-21,47040.0,1098.0,99.0
2021-04-22,4621,14.708071845920797,2021-04-22,47141.0,1099.0,101.0
2021-04-23,7358,19.204946996466436,2021-04-23,47219.0,1099.0,78.0
2021-04-24,7727,23.682671153099523,2021-04-24,47323.0,1099.0,104.0
2021-04-25,6998,24.1024578450986,2021-04-25,47378.0,1099.0,55.0
2021-04-26,6177,18.05471911931358,2021-04-26,47471.0,1100.0,93.0
2021-04-27,7812,19.38748079877112,2021-04-27,47533.0,1104.0,62.0
2021-04-28,7227,18.27784696277847,2021-04-28,47614.0,1105.0,81.0
2021-04-29,6615,17.25789871504157,2021-04-29,47697.0,1105.0,83.0
2021-04-30,6289,17.411353156304656,0,0.0,0.0,0.0
2021-05-01,10414,24.72200883426157,2021-05-01,47855.0,1106.0,47855.0
2021-05-02,9661,25.533071110651072,2021-05-02,47903.0,1106.0,48.0
2021-05-03,5485,16.261257976299,2021-05-03,47986.0,1106.0,83.0
2021-05-04,5868,17.57072256305385,2021-05-04,48041.0,1109.0,55.0
2021-05-05,6469,15.862884526201888,2021-05-05,48080.0,1110.0,39.0
2021-05-06,7894,17.968457055991895,2021-05-06,48136.0,1110.0,56.0
2021-05-07,5567,16.656367882162744,2021-05-07,48164.0,1110.0,28.0
2021-05-08,8424,21.981600189933523,2021-05-08,48180.0,1110.0,16.0
2021-05-09,7209,21.642946317103625,2021-05-09,48195.0,1110.0,15.0
2021-05-10,6984,18.10710194730813,2021-05-10,48282.0,1113.0,87.0
2021-05-11,7611,17.078570490080146,2021-05-11,48336.0,1115.0,54.0
2021-05-12,7757,17.64045378367926,2021-05-12,48404.0,1115.0,68.0
2021-05-13,8527,18.11258355810953,2021-05-13,48424.0,1116.0,20.0
2021-05-14,9122,18.83128699846525,2021-05-14,48530.0,1118.0,106.0
2021-05-15,12848,25.716298256537986,2021-05-15,48545.0,1120.0,15.0
2021-05-16,8719,22.26333295102649,2021-05-16,48590.0,1122.0,45.0
2021-05-17,8010,19.067540574282148,2021-05-17,48616.0,1122.0,26.0
2021-05-18,8740,18.594050343249428,2021-05-18,48634.0,1124.0,18.0
2021-05-19,8957,18.598972870380702,2021-05-19,48662.0,1125.0,28.0
2021-05-20,8673,17.795687766632074,2021-05-20,48689.0,1125.0,27.0
2021-05-21,10260,20.360428849902533,2021-05-21,48727.0,1125.0,38.0
2021-05-22,12265,24.913575214023645,2021-05-22,48748.0,1127.0,21.0
2021-05-23,9992,24.207766212970377,2021-05-23,48762.0,1130.0,14.0
2021-05-24,3967,16.094781951096547,2021-05-24,48803.0,1130.0,41.0
2021-05-25,8644,17.924687644608976,2021-05-25,48822.0,1131.0,19.0
2021-05-26,6953,16.971810729181648,2021-05-26,48844.0,1132.0,22.0
2021-05-27,8733,19.40432840948128,2021-05-27,48898.0,1132.0,54.0
2021-05-28,6744,20.54211150652432,2021-05-28,48914.0,1133.0,16.0
2021-05-29,3546,18.028482797518333,0,0.0,0.0,0.0
2021-05-30,6981,24.22360693310414,2021-05-30,47800.0,1106.0,47800.0
2021-05-31,11190,29.090080428954423,2021-05-31,49000.0,1134.0,1200.0
2021-06-01,7908,18.4291856348002,2021-06-01,49011.0,1135.0,11.0
2021-06-02,8387,18.380231310361275,2021-06-02,49041.0,1136.0,30.0
2021-06-03,7042,17.72564612326044,2021-06-03,49068.0,1136.0,27.0
2021-06-04,9332,19.09612087441063,2021-06-04,49096.0,1136.0,28.0
2021-06-05,11569,23.624945976316017,0,0.0,0.0,0.0
2021-06-06,8986,22.8365234809704,0,0.0,0.0,0.0
2021-06-07,7486,18.803633449105,2021-06-07,49119.0,1137.0,49119.0
2021-06-08,7932,17.16969238527484,2021-06-08,49127.0,1137.0,8.0
2021-06-09,8237,17.5616122374651,2021-06-09,49151.0,1137.0,24.0
2021-06-10,5415,17.184856879039707,2021-06-10,49158.0,1137.0,7.0
2021-06-11,4195,15.009773539928489,2021-06-11,49200.0,1138.0,42.0
2021-06-12,12810,23.514597970335675,0,0.0,0.0,0.0
2021-06-13,10218,23.860833822665885,0,0.0,0.0,0.0
2021-06-14,8306,19.62220081868529,2021-06-14,49213.0,1138.0,49213.0
2021-06-15,9438,18.95793600339055,2021-06-15,49223.0,1139.0,10.0
2021-06-16,9872,19.552370340356564,2021-06-16,49232.0,1140.0,9.0
2021-06-17,10191,18.916593072318715,2021-06-17,49243.0,1141.0,11.0
2021-06-18,11622,21.52942694889004,2021-06-18,49248.0,1141.0,5.0
2021-06-19,12014,24.013484268353587,0,0.0,0.0,0.0
2021-06-20,10137,23.78622866725856,0,0.0,0.0,0.0
2021-06-21,7410,17.72294197031039,2021-06-21,49275.0,1141.0,49275.0
2021-06-22,6537,15.871194737647238,2021-06-22,49284.0,1141.0,9.0
2021-06-23,10689,18.979043876882777,2021-06-23,49297.0,1141.0,13.0
2021-06-24,10558,19.854707330933888,2021-06-24,49305.0,1141.0,8.0
2021-06-25,10410,20.533237271853984,2021-06-25,49315.0,1141.0,10.0
2021-06-26,11765,24.41402464938377,0,0.0,0.0,0.0
2021-06-27,9738,24.287738755391253,0,0.0,0.0,0.0
2021-06-28,8168,18.73224779627816,2021-06-28,49347.0,1141.0,49347.0
2021-06-29,8455,17.455351862803074,2021-06-29,49355.0,1141.0,8.0
2021-06-30,7992,16.92967967967968,2021-06-30,49362.0,1141.0,7.0
2021-07-01,7198,17.567518755209782,2021-07-01,49378.0,1141.0,16.0
2021-07-02,9947,20.232733487483664,2021-07-02,43999.0,1141.0,0.0
2021-07-03,12960,25.51520061728395,0,0.0,0.0,0.0
2021-07-04,16534,31.95010281843474,0,0.0,0.0,0.0
2021-07-05,11186,25.958072590738425,2021-07-05,49417.0,1142.0,49417.0
2021-07-06,8713,18.570526799035925,2021-07-06,49423.0,1143.0,6.0
2021-07-07,8698,17.50942745458726,2021-07-07,49434.0,1143.0,11.0
2021-07-08,7040,16.721448863636365,2021-07-08,49455.0,1143.0,21.0
2021-07-09,8366,19.3113793927803,2021-07-09,49526.0,1143.0,71.0
2021-07-10,13319,23.72753209700428,0,0.0,0.0,0.0
2021-07-11,10638,22.31744688851288,0,0.0,0.0,0.0
2021-07-12,8598,18.522679692951847,2021-07-12,49536.0,1144.0,49536.0
2021-07-13,9061,17.773314203730273,2021-07-13,49574.0,1445.0,38.0
2021-07-14,8878,16.54066231133138,2021-07-14,49615.0,1445.0,41.0
2021-07-15,9902,18.524439507170268,2021-07-15,49652.0,1146.0,37.0
2021-07-16,10213,18.95495936551454,2021-07-16,49793.0,1146.0,141.0
2021-07-17,10992,21.638191411935956,0,0.0,0.0,0.0
2021-07-18,11348,25.187698272823404,0,0.0,0.0,0.0
2021-07-19,9105,18.92652388797364,2021-07-19,49827.0,1146.0,49827.0
2021-07-20,9457,17.51200169186846,2021-07-20,49858.0,1146.0,31.0
2021-07-21,9477,18.311068903661496,2021-07-21,49930.0,1146.0,72.0
2021-07-22,9836,19.39619764131761,2021-07-22,49973.0,1146.0,43.0
2021-07-23,10487,19.78716506150472,2021-07-23,50160.0,1147.0,187.0
2021-07-24,11472,24.06546373779637,0,0.0,0.0,0.0
2021-07-25,9800,23.01173469387755,0,0.0,0.0,0.0
2021-07-26,7591,17.57726254775392,2021-07-26,50228.0,1147.0,50228.0
2021-07-27,8599,18.335271543202698,2021-07-27,50268.0,1148.0,40.0
2021-07-28,8944,17.78678443649374,2021-07-28,50329.0,1149.0,61.0
2021-07-29,8863,17.907931851517546,2021-07-29,50398.0,1149.0,69.0
2021-07-30,9929,18.98156914090039,2021-07-30,50718.0,1149.0,320.0
2021-07-31,12200,24.73532786885246,0,0.0,0.0,0.0
2021-08-01,7106,21.7146073740501,0,0.0,0.0,0.0
2021-08-02,9454,19.975037021366617,2021-08-02,50800.0,1149.0,50800.0
2021-08-03,9806,18.406689781766264,2021-08-03,50858.0,1149.0,58.0
2021-08-04,9960,18.36606425702811,2021-08-04,50975.0,1149.0,117.0
2021-08-05,10099,18.89187048222596,2021-08-05,51103.0,1149.0,128.0
2021-08-06,9918,19.665860052429927,2021-08-06,51589.0,1149.0,486.0
2021-08-07,8023,21.501184095724792,0,0.0,0.0,0.0
2021-08-08,10904,24.67635730007337,0,0.0,0.0,0.0
2021-08-09,7781,17.729854774450583,2021-08-09,51726.0,2249.0,51726.0
2021-08-10,6898,17.2542766019136,2021-08-10,51853.0,1149.0,127.0
2021-08-11,7285,16.349897048730266,2021-08-11,52005.0,1150.0,152.0
2021-08-12,8373,17.250686731159682,2021-08-12,52201.0,1150.0,196.0
2021-08-13,6971,17.054654999282743,2021-08-13,52777.0,1150.0,576.0
2021-08-14,10068,21.786253476360745,0,0.0,0.0,0.0
2021-08-15,9445,23.00010587612493,0,0.0,0.0,0.0
2021-08-16,5271,16.053879719218365,2021-08-16,52843.0,1151.0,52843.0
2021-08-17,8006,17.601548838371222,2021-08-17,53024.0,1153.0,181.0
2021-08-18,8161,16.131724053424826,2021-08-18,53162.0,1155.0,138.0
2021-08-19,8509,17.183687859913036,2021-08-19,53342.0,1155.0,180.0
2021-08-20,7259,19.039950406392062,2021-08-20,53898.0,1155.0,556.0
2021-08-21,10214,22.039455649109065,0,0.0,0.0,0.0
2021-08-22,9565,22.65990590695243,0,0.0,0.0,0.0
2021-08-23,8495,17.964920541494998,2021-08-23,54031.0,1155.0,54031.0
2021-08-24,8904,16.316374663072775,2021-08-24,54156.0,1155.0,125.0
2021-08-25,8527,16.066142840389354,2021-08-25,54366.0,1158.0,210.0
2021-08-26,7956,16.079939668174962,2021-08-26,54556.0,1159.0,190.0
2021-08-27,8365,16.69097429766886,2021-08-27,55253.0,1159.0,697.0
2021-08-28,11586,21.42715346107371,0,0.0,0.0,0.0
2021-08-29,9546,21.35323695788812,0,0.0,0.0,0.0
2021-08-30,8498,15.591903977406448,2021-08-30,55431.0,1160.0,55431.0
2021-08-31,8962,15.359294800267795,2021-08-31,55570.0,1161.0,139.0
2021-09-01,5252,12.91888804265042,2021-09-01,55718.0,1161.0,148.0
2021-09-02,10891,16.59278303186117,2021-09-02,55918.0,1162.0,200.0
2021-09-03,11574,19.03309141178504,2021-09-03,56569.0,1163.0,651.0
2021-09-04,12487,25.23240169776568,0,0.0,0.0,0.0
2021-09-05,9996,24.45578231292517,0,0.0,0.0,0.0
2021-09-06,11231,24.773306027958327,2021-09-06,56569.0,1163.0,56569.0
2021-09-07,9567,17.06052053935403,2021-09-07,56694.0,1163.0,125.0
2021-09-08,9875,15.657518987341772,2021-09-08,56859.0,1164.0,165.0
2021-09-09,9696,15.56693481848185,2021-09-09,56966.0,1165.0,107.0
2021-09-10,11547,18.001905256776652,2021-09-10,57771.0,1165.0,805.0
2021-09-11,12906,22.40198357353169,0,0.0,0.0,0.0
2021-09-12,11222,21.61718053822848,0,0.0,0.0,0.0
2021-09-13,9114,16.6999122229537,2021-09-13,58164.0,1167.0,58164.0
2021-09-14,9824,16.59212133550489,2021-09-14,58400.0,1167.0,236.0
2021-09-15,10110,16.03738872403561,2021-09-15,58649.0,1167.0,249.0
2021-09-16,6398,15.23866833385433,2021-09-16,58851.0,1167.0,202.0
2021-09-17,9955,17.3754897036665,2021-09-17,59563.0,1170.0,712.0
2021-09-18,12414,21.50410826486225,0,0.0,0.0,0.0
2021-09-19,11344,22.6274682651622,0,0.0,0.0,0.0
2021-09-20,9797,17.23252015923242,2021-09-20,59712.0,1171.0,59712.0
2021-09-21,10212,15.550822561692126,2021-09-21,59849.0,1171.0,137.0
2021-09-22,6099,13.36924085915724,2021-09-22,60018.0,1172.0,169.0
2021-09-23,8483,15.000471531297888,2021-09-23,60205.0,1172.0,187.0
2021-09-24,11806,18.19490089784855,2021-09-24,60772.0,1174.0,567.0
2021-09-25,13679,23.455296439798232,0,0.0,0.0,0.0
2021-09-26,11524,22.352828878861505,0,0.0,0.0,0.0
2021-09-27,9525,16.039685039370077,2021-09-27,60898.0,1174.0,60898.0
2021-09-28,9558,15.275057543419129,2021-09-28,60996.0,1174.0,98.0
2021-09-29,10374,15.589068825910932,2021-09-29,61153.0,1174.0,157.0
2021-09-30,10568,16.146574564723696,2021-09-30,61331.0,1176.0,178.0
2021-10-01,11694,18.842654352659483,2021-10-01,61791.0,1178.0,460.0
2021-10-02,14353,24.09851598968857,0,0.0,0.0,0.0
2021-10-03,11960,23.936872909699,0,0.0,0.0,0.0
2021-10-04,9067,18.21043343994706,2021-10-04,61863.0,1179.0,61863.0
2021-10-05,9291,15.862339898826823,2021-10-05,61978.0,1180.0,115.0
2021-10-06,9099,16.154192768436094,2021-10-06,62098.0,1181.0,120.0
2021-10-07,10616,17.644310474755084,2021-10-07,62266.0,1182.0,168.0
2021-10-08,11089,19.895391829741182,2021-10-08,62702.0,1182.0,436.0
2021-10-09,12921,24.95673709465212,0,0.0,0.0,0.0
2021-10-10,10401,23.496106143640034,0,0.0,0.0,0.0
2021-10-11,9371,21.006296019635045,2021-10-11,62702.0,1182.0,62702.0
2021-10-12,8804,17.617787369377556,2021-10-12,62750.0,1183.0,48.0
2021-10-13,10670,16.923711340206186,2021-10-13,62852.0,1183.0,102.0
2021-10-14,11376,17.864539381153303,2021-10-14,62976.0,1183.0,124.0
2021-10-15,12274,21.24230079843572,2021-10-15,63305.0,1184.0,329.0
2021-10-16,9624,22.029717373233584,0,0.0,0.0,0.0
2021-10-17,10357,23.07366998165492,0,0.0,0.0,0.0
2021-10-18,9228,17.176636324230603,2021-10-18,63345.0,1185.0,63345.0
2021-10-19,10479,16.51350319686993,2021-10-19,63400.0,1185.0,55.0
2021-10-20,10692,16.616442199775534,2021-10-20,63474.0,1186.0,74.0
2021-10-21,11391,18.119480291458167,2021-10-21,63588.0,1186.0,114.0
2021-10-22,12056,19.451642335766422,2021-10-22,63879.0,1186.0,291.0
2021-10-23,12484,23.51457866068568,0,0.0,0.0,0.0
2021-10-24,10764,22.53270159791899,0,0.0,0.0,0.0
2021-10-25,7538,16.147519235871584,2021-10-25,63919.0,1187.0,63919.0
2021-10-26,9278,14.166091830135803,2021-10-26,63990.0,1187.0,71.0
2021-10-27,11222,16.15006237747282,2021-10-27,64108.0,1188.0,118.0
2021-10-28,11115,15.904453441295546,2021-10-28,64240.0,1190.0,132.0
2021-10-29,3623,12.720673475020702,2021-10-29,64470.0,1191.0,230.0
2021-10-30,12001,20.959420048329303,0,0.0,0.0,0.0
2021-10-31,10898,20.67260047715177,0,0.0,0.0,0.0
2021-11-01,9336,16.34436589545844,2021-11-01,64541.0,1193.0,64541.0
2021-11-02,6118,12.81055900621118,2021-11-02,64602.0,1193.0,61.0
2021-11-03,8981,14.31811602271462,2021-11-03,64708.0,1193.0,106.0
2021-11-04,9074,14.49790610535596,2021-11-04,64799.0,1193.0,91.0
2021-11-05,9585,16.65362545644236,2021-11-05,65050.0,1193.0,251.0
2021-11-06,10917,21.24457268480352,0,0.0,0.0,0.0
2021-11-07,9670,19.22916235780765,0,0.0,0.0,0.0
2021-11-08,9253,15.725494434237543,2021-11-08,65094.0,1193.0,65094.0
2021-11-09,10495,15.646593616007625,2021-11-09,65159.0,1193.0,65.0
2021-11-10,11230,15.781478183437224,0,0.0,0.0,0.0
2021-11-11,11488,18.32851671309192,0,0.0,0.0,0.0
2021-11-12,10004,18.474310275889646,0,0.0,0.0,0.0
2021-11-13,10153,20.698808234019506,0,0.0,0.0,0.0
2021-11-14,7563,17.9761999206664,2021-11-14,65623.0,1195.0,65623.0
2021-11-15,6996,13.79874213836478,2021-11-15,65707.0,1195.0,84.0
2021-11-16,8440,14.271682464454976,2021-11-16,65793.0,1195.0,86.0
2021-11-17,9439,15.44347918211675,2021-11-17,65889.0,1196.0,96.0
2021-11-18,9426,16.13208147676639,2021-11-18,66028.0,1196.0,139.0
2021-11-19,7767,14.330114587356766,2021-11-19,66347.0,1196.0,319.0
2021-11-20,7953,18.38916132277128,0,0.0,0.0,0.0
2021-11-21,7043,19.73590799375266,0,0.0,0.0,0.0
2021-11-22,6766,15.550103458468817,2021-11-22,66433.0,1196.0,66433.0
2021-11-23,6025,14.97045643153527,2021-11-23,66510.0,1196.0,77.0
2021-11-24,5672,16.665197461212976,2021-11-24,66857.0,1196.0,347.0
2021-11-25,4234,25.351204534718946,2021-11-25,66857.0,1196.0,0.0
2021-11-26,3792,18.3167194092827,2021-11-26,66857.0,1196.0,0.0
2021-11-27,4646,17.77292294446836,2021-11-27,66857.0,1196.0,0.0
2021-11-28,6034,18.63987404706662,2021-11-28,66857.0,1196.0,0.0
2021-11-29,5726,12.167307020607756,2021-11-29,66912.0,1196.0,55.0
2021-11-30,6815,12.658840792369771,2021-11-30,67047.0,1196.0,135.0
2021-12-01,7768,13.69451596292482,2021-12-01,67173.0,1197.0,126.0
2021-12-02,8850,15.319435028248588,2021-12-02,67430.0,1197.0,257.0
2021-12-03,8428,13.95514950166113,2021-12-03,67996.0,1197.0,566.0
2021-12-04,10022,18.439034124925165,0,0.0,0.0,0.0
2021-12-05,7027,16.7614913903515,0,0.0,0.0,0.0
2021-12-06,7148,13.717263570229436,2021-12-06,67996.0,1197.0,67996.0
2021-12-07,6548,12.6287416004887,2021-12-07,68262.0,1197.0,266.0
2021-12-08,6233,12.781966950104284,2021-12-08,68460.0,1197.0,198.0
2021-12-09,6576,12.748023114355233,2021-12-09,68702.0,1199.0,242.0
2021-12-10,8035,14.211947728686994,2021-12-10,69392.0,1201.0,690.0
2021-12-11,7811,17.809627448470106,0,0.0,0.0,0.0
2021-12-12,6790,16.749926362297497,0,0.0,0.0,0.0
2021-12-13,6278,14.317457789104813,2021-12-13,69540.0,1203.0,69540.0
2021-12-14,7350,14.356054421768707,2021-12-14,69867.0,1203.0,327.0
2021-12-15,7103,13.900464592425736,2021-12-15,70375.0,1204.0,508.0
2021-12-16,8088,14.783753709198812,2021-12-16,71219.0,1206.0,844.0
2021-12-17,7750,15.077419354838709,2021-12-17,74982.0,1207.0,3763.0
2021-12-18,6698,17.564048969841743,0,0.0,0.0,0.0
2021-12-19,4761,15.624238605335014,0,0.0,0.0,0.0
2021-12-20,4664,16.10034305317324,2021-12-20,76137.0,1207.0,76137.0
2021-12-21,4262,14.191224777099954,2021-12-21,77661.0,1207.0,1524.0
2021-12-22,4241,14.560716812072624,2021-12-22,79565.0,1207.0,1904.0
2021-12-23,3647,14.87578831916644,2021-12-23,88765.0,1209.0,9200.0
2021-12-24,3304,18.2863196125908,0,0.0,0.0,0.0
2021-12-25,3166,30.34744156664561,0,0.0,0.0,0.0
2021-12-26,4489,26.753842726665184,0,0.0,0.0,0.0
2021-12-27,3108,15.84942084942085,2021-12-27,90633.0,1209.0,90633.0
2021-12-28,4970,21.073843058350104,2021-12-28,92045.0,1210.0,1412.0
2021-12-29,4455,20.685521885521887,2021-12-29,94286.0,1211.0,2241.0
2021-12-30,4701,19.21612422888747,2021-12-30,103487.0,1218.0,9201.0
2021-12-31,5645,21.327900797165636,0,0.0,0.0,0.0
2022-01-01,3428,22.80280046674445,0,0.0,0.0,0.0
2022-01-02,5399,21.435451009446197,0,0.0,0.0,0.0
2022-01-03,488,15.77049180327869,2022-01-03,105493.0,1220.0,105493.0
2022-01-04,1246,16.13964686998395,2022-01-04,105493.0,1222.0,0.0
2022-01-05,2254,13.347826086956522,2022-01-05,108112.0,1225.0,2619.0
2022-01-06,3732,13.039121114683816,2022-01-06,110040.0,1227.0,1928.0
2022-01-07,2222,12.545454545454543,2022-01-07,116278.0,1233.0,6238.0
2022-01-08,3307,13.149380102812216,0,0.0,0.0,0.0
2022-01-09,1751,11.319817247287263,0,0.0,0.0,0.0
2022-01-10,3852,12.149532710280374,2022-01-10,117586.0,1237.0,117586.0
2022-01-11,3330,11.390990990990993,2022-01-11,118802.0,1240.0,1216.0
2022-01-12,4438,12.966651644885085,2022-01-12,120327.0,1245.0,1525.0
2022-01-13,4978,12.797107271996786,2022-01-13,121871.0,1255.0,1544.0
2022-01-14,4991,13.35203366058906,2022-01-14,125707.0,1260.0,3836.0
2022-01-15,3483,13.084122882572496,0,0.0,0.0,0.0
2022-01-16,1603,13.313162819713035,0,0.0,0.0,0.0
2022-01-17,2573,12.279828993392927,0,0.0,0.0,0.0
2022-01-18,4121,11.548653239504974,2022-01-18,126187.0,1263.0,126187.0
2022-01-19,5158,12.10682435052346,2022-01-19,126675.0,1264.0,488.0
2022-01-20,3272,11.438569682151588,2022-01-20,127200.0,1267.0,525.0
2022-01-21,3636,11.215621562156215,2022-01-21,128550.0,1275.0,1350.0
2022-01-22,4124,15.315227934044618,0,0.0,0.0,0.0
2022-01-23,3950,14.45493670886076,0,0.0,0.0,0.0
2022-01-24,4427,12.080189744748136,2022-01-24,128739.0,1278.0,128739.0
2022-01-25,4967,12.602174350714716,2022-01-25,129108.0,1280.0,369.0
2022-01-26,4265,11.308323563892143,2022-01-26,129479.0,1282.0,371.0
2022-01-27,4585,11.680261723009814,2022-01-27,129817.0,1282.0,338.0
2022-01-28,3566,11.58693213684801,2022-01-28,129817.0,1284.0,0.0
2022-01-29,2709,12.79438907345884,0,0.0,0.0,0.0
2022-01-30,3068,12.467079530638852,0,0.0,0.0,0.0
2022-01-31,4263,11.544217687074829,2022-01-31,130949.0,1290.0,130949.0
2022-02-01,5161,12.073629141639218,2022-02-01,131093.0,1290.0,144.0
2022-02-02,5788,13.225984796129923,2022-02-02,131284.0,1291.0,191.0
2022-02-03,3184,12.28894472361809,2022-02-03,131542.0,1293.0,258.0
2022-02-04,2512,11.651671974522293,2022-02-04,132170.0,1304.0,628.0
2022-02-05,4407,13.654867256637168,0,0.0,0.0,0.0
2022-02-06,4193,14.638206534700693,0,0.0,0.0,0.0
2022-02-07,3994,11.796695042563844,2022-02-07,132257.0,1304.0,132257.0
2022-02-08,5489,12.045727819274912,2022-02-08,132884.0,1305.0,627.0
2022-02-09,6349,13.589226649866122,2022-02-09,132628.0,1305.0,0.0
2022-02-10,6708,13.527877161598092,2022-02-10,132820.0,1309.0,192.0
2022-02-11,7817,15.691313803249328,2022-02-11,133295.0,1309.0,475.0
2022-02-12,8607,21.632624607877307,0,0.0,0.0,0.0
2022-02-13,2889,12.814814814814817,0,0.0,0.0,0.0
2022-02-14,4067,11.42340791738382,2022-02-14,133339.0,1309.0,133339.0
2022-02-15,5015,12.791824526420736,2022-02-15,133459.0,1311.0,120.0
2022-02-16,6168,12.878242542153048,2022-02-16,133587.0,1313.0,128.0
2022-02-17,7261,13.903043657898362,2022-02-17,133697.0,1314.0,110.0
2022-02-18,5427,13.065966463976414,2022-02-18,134066.0,1315.0,369.0
2022-02-19,5021,15.944831706831309,0,0.0,0.0,0.0
2022-02-20,4822,18.31086686022397,0,0.0,0.0,0.0
2022-02-21,7937,23.31636638528411,0,0.0,0.0,0.0
2022-02-22,5114,13.491005084082907,2022-02-22,134114.0,1317.0,134114.0
2022-02-23,8040,16.703606965174128,2022-02-23,134214.0,1317.0,100.0
2022-02-24,3418,11.239613809245173,2022-02-24,134326.0,1317.0,112.0
2022-02-25,5619,13.770243815625555,2022-02-25,134564.0,1318.0,238.0
2022-02-26,6270,17.98628389154705,0,0.0,0.0,0.0
2022-02-27,6535,19.088905891354248,0,0.0,0.0,0.0
2022-02-28,5760,13.077256944444445,2022-02-28,134623.0,1319.0,134623.0
2022-03-01,6893,13.362976933120558,0,0.0,0.0,0.0
